               epoch,      train/box_loss,      train/obj_loss,      train/cls_loss,   metrics/precision,      metrics/recall,     metrics/mAP_0.5,metrics/mAP_0.5:0.95,        val/box_loss,        val/obj_loss,        val/cls_loss,               x/lr0,               x/lr1,               x/lr2
                   0,            0.093817,            0.034523,            0.039543,             0.25528,             0.31034,             0.18885,            0.068503,            0.067345,            0.027815,            0.039001,              0.0856,              0.0016,              0.0016
                   1,            0.062634,            0.031823,            0.035723,             0.21717,              0.4162,             0.22681,            0.075453,            0.056963,            0.020924,            0.034859,            0.070289,           0.0032891,           0.0032891
                   2,            0.053663,            0.023032,            0.034026,             0.40989,              0.4607,             0.41218,              0.1306,            0.060799,            0.013581,            0.030219,            0.054967,            0.004967,            0.004967
                   3,            0.052781,            0.018081,            0.028299,              0.5199,             0.56713,             0.59832,             0.15433,            0.062766,            0.010908,            0.020361,            0.039634,           0.0066337,           0.0066337
                   4,             0.05247,            0.014717,            0.018631,             0.47172,             0.69651,             0.57493,             0.24173,            0.058693,           0.0085115,            0.011599,            0.024289,           0.0082891,           0.0082891
                   5,                0.05,            0.012581,            0.011868,              0.5939,             0.74058,             0.73442,             0.37936,            0.042958,           0.0078714,           0.0068636,            0.009835,            0.009835,            0.009835
                   6,            0.045453,            0.010809,           0.0081211,              0.7865,             0.89432,             0.87657,              0.4719,            0.040877,           0.0082257,           0.0067429,            0.009835,            0.009835,            0.009835
                   7,            0.039651,            0.010589,           0.0066905,             0.82507,              0.9238,             0.86641,             0.51472,            0.035498,           0.0070469,           0.0049418,            0.009802,            0.009802,            0.009802
                   8,            0.035939,            0.010336,           0.0056363,             0.89715,             0.95973,             0.95054,             0.57226,            0.031971,           0.0069222,           0.0043147,            0.009769,            0.009769,            0.009769
                   9,            0.033426,            0.009363,           0.0047171,             0.86315,              0.9664,              0.8935,             0.61867,            0.027786,           0.0063434,           0.0045273,            0.009736,            0.009736,            0.009736
                  10,            0.032309,           0.0090013,           0.0050649,             0.98014,             0.97486,             0.97547,             0.65373,            0.027372,           0.0059741,           0.0043676,            0.009703,            0.009703,            0.009703
                  11,            0.030507,           0.0089122,           0.0047255,             0.95251,             0.95861,             0.96383,             0.62013,            0.024486,           0.0061238,           0.0052388,             0.00967,             0.00967,             0.00967
                  12,            0.028574,           0.0085247,           0.0044161,             0.98264,             0.98621,             0.97618,             0.70668,            0.021922,           0.0054913,           0.0041505,            0.009637,            0.009637,            0.009637
                  13,            0.029408,            0.008699,           0.0039036,             0.96154,             0.97399,             0.96781,             0.68803,            0.024133,           0.0056396,           0.0042615,            0.009604,            0.009604,            0.009604
                  14,            0.027575,           0.0083625,           0.0035369,             0.97294,             0.98453,              0.9766,             0.71363,            0.021694,           0.0053561,           0.0037663,            0.009571,            0.009571,            0.009571
                  15,            0.026217,           0.0081315,           0.0035435,             0.97449,             0.97318,             0.97511,             0.74726,            0.022833,           0.0056264,           0.0043324,            0.009538,            0.009538,            0.009538
                  16,            0.026123,           0.0078631,           0.0035959,             0.97749,             0.98744,             0.97664,             0.76916,             0.02052,           0.0054557,           0.0037913,            0.009505,            0.009505,            0.009505
                  17,            0.025287,           0.0080338,            0.003165,              0.9629,             0.97212,             0.97448,             0.77072,            0.019011,           0.0050147,            0.006082,            0.009472,            0.009472,            0.009472
                  18,            0.025446,           0.0079872,           0.0036261,             0.97567,             0.97189,               0.977,             0.67517,            0.024551,           0.0056133,           0.0037146,            0.009439,            0.009439,            0.009439
                  19,            0.024158,           0.0076077,           0.0032962,             0.96974,             0.98164,             0.97978,             0.79446,            0.019387,            0.005214,           0.0037292,            0.009406,            0.009406,            0.009406
                  20,            0.025041,           0.0076363,           0.0029606,             0.98278,             0.98744,             0.97827,             0.77883,            0.018622,           0.0049078,           0.0035631,            0.009373,            0.009373,            0.009373
                  21,            0.023989,           0.0074727,           0.0033848,             0.97805,             0.97927,             0.98097,             0.76977,            0.021858,           0.0051918,           0.0033251,             0.00934,             0.00934,             0.00934
                  22,            0.023021,           0.0077625,           0.0028753,             0.97098,             0.97282,               0.976,              0.7969,            0.017565,           0.0048391,           0.0042898,            0.009307,            0.009307,            0.009307
                  23,            0.023273,           0.0075785,           0.0031065,              0.9735,               0.984,             0.98173,             0.72198,            0.024336,           0.0056992,           0.0033244,            0.009274,            0.009274,            0.009274
                  24,            0.023017,           0.0073775,           0.0026024,             0.97741,             0.98429,             0.97856,             0.79543,            0.016706,            0.004729,           0.0034255,            0.009241,            0.009241,            0.009241
                  25,            0.023083,             0.00744,           0.0025917,             0.96642,             0.98425,             0.97951,              0.7776,            0.019501,           0.0050529,           0.0038961,            0.009208,            0.009208,            0.009208
                  26,            0.023434,           0.0073643,            0.002737,             0.98217,             0.98115,             0.97789,             0.82097,            0.016212,           0.0045661,           0.0037745,            0.009175,            0.009175,            0.009175
                  27,            0.022197,           0.0075799,           0.0024646,             0.97613,             0.98115,             0.98242,              0.7625,            0.021468,           0.0051047,           0.0030624,            0.009142,            0.009142,            0.009142
                  28,            0.021456,           0.0074041,           0.0030131,             0.98264,             0.97946,             0.98333,             0.78697,            0.019151,           0.0049278,           0.0027994,            0.009109,            0.009109,            0.009109
                  29,            0.021386,           0.0073067,           0.0024216,             0.97988,              0.9809,             0.97956,             0.82658,            0.015707,           0.0045062,           0.0038496,            0.009076,            0.009076,            0.009076
                  30,            0.021282,           0.0070789,           0.0024364,             0.98082,             0.98356,             0.97736,             0.81375,            0.016259,           0.0045576,           0.0036617,            0.009043,            0.009043,            0.009043
                  31,            0.021349,           0.0073608,           0.0020175,             0.98111,             0.97821,             0.97764,             0.81778,            0.015713,           0.0046506,           0.0036716,             0.00901,             0.00901,             0.00901
                  32,            0.021158,           0.0073009,           0.0021399,             0.96997,             0.97553,             0.98606,             0.78151,            0.018659,           0.0049499,           0.0045457,            0.008977,            0.008977,            0.008977
                  33,             0.02053,           0.0068687,           0.0022885,             0.98182,              0.9848,             0.97926,             0.80075,            0.017972,           0.0048606,           0.0033256,            0.008944,            0.008944,            0.008944
                  34,            0.020213,           0.0071193,           0.0022378,              0.9798,             0.98357,              0.9797,             0.83563,            0.014852,           0.0046651,           0.0036589,            0.008911,            0.008911,            0.008911
                  35,            0.020754,           0.0070527,            0.002176,             0.97408,             0.98221,              0.9729,             0.77861,            0.020007,           0.0049881,           0.0035153,            0.008878,            0.008878,            0.008878
                  36,            0.021357,           0.0067879,           0.0020705,             0.96701,             0.97185,             0.97518,             0.79956,            0.015474,           0.0046986,           0.0054766,            0.008845,            0.008845,            0.008845
                  37,            0.020529,           0.0068785,            0.001825,             0.96435,             0.97509,             0.97952,             0.84249,            0.015713,           0.0044082,           0.0046407,            0.008812,            0.008812,            0.008812
                  38,            0.019959,           0.0067175,           0.0020733,             0.97476,             0.97751,              0.9775,              0.8296,            0.015187,           0.0045165,           0.0040237,            0.008779,            0.008779,            0.008779
                  39,            0.019768,            0.006737,           0.0020837,             0.97215,             0.97928,             0.97294,             0.79384,            0.017958,           0.0052226,           0.0037771,            0.008746,            0.008746,            0.008746
                  40,            0.019794,             0.00678,           0.0019361,             0.98074,             0.98162,             0.97902,             0.79406,            0.018018,           0.0045658,           0.0030985,            0.008713,            0.008713,            0.008713
                  41,            0.019737,           0.0068765,           0.0016855,             0.97583,             0.97289,             0.97752,             0.81982,            0.016049,           0.0046287,            0.003986,             0.00868,             0.00868,             0.00868
                  42,            0.018989,           0.0068277,            0.002139,             0.97371,             0.98485,             0.97645,             0.82439,            0.016333,           0.0043167,           0.0038245,            0.008647,            0.008647,            0.008647
                  43,            0.020113,            0.006871,           0.0019875,             0.96531,             0.98197,             0.97629,             0.83461,            0.014142,            0.004361,           0.0044444,            0.008614,            0.008614,            0.008614
                  44,            0.019435,           0.0066507,           0.0018767,             0.97035,             0.98744,              0.9801,             0.84313,            0.013968,           0.0044974,           0.0034631,            0.008581,            0.008581,            0.008581
                  45,             0.01879,           0.0066411,           0.0022444,             0.97656,             0.97938,             0.97593,             0.82988,            0.014277,           0.0044072,           0.0039581,            0.008548,            0.008548,            0.008548
                  46,            0.019525,           0.0066713,           0.0015931,             0.97876,             0.97577,             0.97429,             0.82489,             0.01431,           0.0042828,           0.0044463,            0.008515,            0.008515,            0.008515
                  47,            0.018838,           0.0069026,           0.0018604,             0.96816,             0.98095,             0.97781,              0.8065,            0.016576,           0.0048196,           0.0049735,            0.008482,            0.008482,            0.008482
                  48,            0.018145,           0.0065085,           0.0021273,             0.97806,             0.98115,             0.97861,             0.79012,            0.016857,           0.0047106,           0.0035206,            0.008449,            0.008449,            0.008449
                  49,            0.018698,           0.0063432,           0.0019636,             0.98175,             0.97855,               0.981,             0.84346,            0.013849,           0.0042419,           0.0036168,            0.008416,            0.008416,            0.008416
                  50,            0.018389,           0.0064838,           0.0018944,             0.98042,             0.98141,             0.98117,             0.83983,            0.014192,           0.0043782,           0.0036029,            0.008383,            0.008383,            0.008383
                  51,            0.018084,           0.0065819,            0.001874,              0.9779,             0.98633,             0.98021,             0.84207,            0.014224,           0.0043098,            0.003239,             0.00835,             0.00835,             0.00835
                  52,            0.017921,           0.0066165,            0.001394,             0.97746,             0.98744,             0.97717,             0.82541,            0.014215,           0.0040746,           0.0037228,            0.008317,            0.008317,            0.008317
                  53,            0.018682,           0.0066256,           0.0014113,             0.96661,             0.96296,             0.97132,             0.84961,             0.01317,           0.0041188,            0.005321,            0.008284,            0.008284,            0.008284
                  54,            0.018351,           0.0064155,           0.0019472,             0.97641,             0.97554,             0.97895,             0.84563,            0.014374,           0.0043041,           0.0035946,            0.008251,            0.008251,            0.008251
                  55,            0.018255,            0.006664,           0.0019475,             0.97085,             0.98341,             0.97982,             0.85655,            0.013406,           0.0041234,           0.0036728,            0.008218,            0.008218,            0.008218
                  56,            0.018114,           0.0063678,           0.0018093,             0.97288,             0.98028,             0.97421,             0.82764,             0.01609,            0.004311,           0.0037386,            0.008185,            0.008185,            0.008185
                  57,            0.017319,           0.0063274,           0.0015626,             0.97997,             0.97648,             0.97681,             0.82219,            0.016193,            0.004462,           0.0039883,            0.008152,            0.008152,            0.008152
                  58,            0.017519,           0.0065652,           0.0014481,             0.97161,             0.96429,             0.96972,             0.82224,            0.015264,           0.0042093,           0.0043563,            0.008119,            0.008119,            0.008119
                  59,            0.017033,           0.0063016,           0.0017098,             0.97176,             0.98165,             0.97634,             0.84364,            0.014224,           0.0041151,           0.0043088,            0.008086,            0.008086,            0.008086
                  60,            0.017261,             0.00639,           0.0017344,             0.96722,             0.96141,             0.97241,             0.79202,            0.016284,           0.0050654,           0.0052415,            0.008053,            0.008053,            0.008053
                  61,            0.017687,           0.0064748,             0.00175,              0.9693,              0.9723,             0.97553,             0.79261,            0.016731,            0.004447,           0.0038488,             0.00802,             0.00802,             0.00802
                  62,            0.017499,           0.0063588,           0.0014975,             0.97145,             0.97562,             0.97699,             0.83028,             0.01368,           0.0044004,           0.0049519,            0.007987,            0.007987,            0.007987
                  63,            0.017072,           0.0061262,           0.0017085,             0.98302,             0.98429,             0.97917,             0.85565,             0.01302,           0.0040406,           0.0034779,            0.007954,            0.007954,            0.007954
                  64,             0.01669,            0.005818,           0.0019204,             0.98023,             0.98167,             0.97864,             0.85837,            0.013914,            0.003998,           0.0032316,            0.007921,            0.007921,            0.007921
                  65,            0.016982,           0.0063237,           0.0014921,             0.97289,             0.98714,             0.98326,             0.84751,             0.01359,           0.0040723,           0.0029644,            0.007888,            0.007888,            0.007888
                  66,            0.017117,           0.0062107,           0.0014836,             0.97653,             0.96954,             0.97381,             0.83599,            0.014096,           0.0041416,           0.0041881,            0.007855,            0.007855,            0.007855
                  67,            0.016498,           0.0061207,           0.0015017,             0.97247,               0.978,             0.97258,             0.82983,             0.01439,            0.004096,           0.0043132,            0.007822,            0.007822,            0.007822
                  68,            0.016386,           0.0061971,              0.0014,             0.97763,             0.97832,             0.97493,             0.84928,            0.013578,           0.0040053,           0.0040909,            0.007789,            0.007789,            0.007789
                  69,            0.015964,           0.0059552,           0.0014522,             0.98252,             0.98443,             0.97875,             0.84918,            0.013627,           0.0039997,           0.0035863,            0.007756,            0.007756,            0.007756
                  70,            0.016712,            0.006294,           0.0012343,             0.97671,             0.98028,             0.97507,             0.83989,            0.013544,           0.0041369,            0.003811,            0.007723,            0.007723,            0.007723
                  71,            0.016797,           0.0062185,           0.0013503,             0.97935,             0.98115,             0.97733,             0.83033,            0.014445,           0.0042666,           0.0039221,             0.00769,             0.00769,             0.00769
                  72,            0.016644,           0.0063565,           0.0014186,             0.97783,             0.98057,             0.97869,             0.84823,             0.01279,           0.0041345,           0.0036893,            0.007657,            0.007657,            0.007657
                  73,            0.015974,           0.0059833,            0.001441,             0.97108,               0.954,             0.97411,              0.8491,            0.013569,           0.0040247,           0.0056388,            0.007624,            0.007624,            0.007624
                  74,            0.016383,           0.0060774,           0.0014617,             0.98254,               0.984,             0.97779,             0.84061,            0.013638,           0.0042777,            0.003691,            0.007591,            0.007591,            0.007591
                  75,            0.016213,           0.0061009,           0.0016768,             0.97847,             0.97671,             0.97574,              0.8335,            0.013176,           0.0039475,            0.004016,            0.007558,            0.007558,            0.007558
                  76,            0.015683,            0.006075,           0.0011645,             0.97767,             0.98135,             0.97311,             0.83815,            0.013979,            0.004162,           0.0040406,            0.007525,            0.007525,            0.007525
                  77,            0.016058,           0.0060073,           0.0016648,             0.97703,             0.98135,             0.97513,             0.81444,            0.015209,           0.0042633,           0.0040809,            0.007492,            0.007492,            0.007492
                  78,             0.01588,           0.0058928,            0.001393,             0.97092,             0.97366,             0.97009,             0.83774,            0.014246,           0.0039388,           0.0039537,            0.007459,            0.007459,            0.007459
                  79,            0.016214,           0.0059626,           0.0014009,              0.9772,             0.98115,             0.97757,             0.86044,            0.012623,           0.0039123,           0.0039861,            0.007426,            0.007426,            0.007426
                  80,             0.01582,           0.0058556,           0.0013557,             0.97244,             0.98115,             0.97382,             0.84009,            0.013384,           0.0041478,            0.004187,            0.007393,            0.007393,            0.007393
                  81,            0.015654,           0.0056878,           0.0013049,             0.97654,             0.98121,             0.97366,             0.85523,            0.012794,           0.0041322,           0.0037985,             0.00736,             0.00736,             0.00736
                  82,            0.015608,           0.0059144,           0.0012394,             0.97734,             0.97813,             0.98452,              0.8497,            0.013895,           0.0040669,           0.0031196,            0.007327,            0.007327,            0.007327
                  83,            0.015791,           0.0056875,          0.00098261,             0.97212,             0.97833,             0.97274,             0.85133,            0.012775,           0.0038012,           0.0044279,            0.007294,            0.007294,            0.007294
                  84,            0.015469,           0.0057207,           0.0013013,             0.97917,             0.98017,             0.97601,             0.83693,            0.013985,           0.0043901,           0.0037749,            0.007261,            0.007261,            0.007261
                  85,            0.014974,           0.0057614,            0.001358,             0.97706,              0.9751,             0.97923,             0.83161,            0.013708,           0.0041937,           0.0043671,            0.007228,            0.007228,            0.007228
                  86,            0.015353,           0.0058374,            0.001144,             0.97832,             0.98429,             0.97814,             0.83153,             0.01353,           0.0042369,           0.0038332,            0.007195,            0.007195,            0.007195
                  87,            0.015191,           0.0059073,            0.001292,             0.96676,             0.97713,             0.96921,             0.82924,            0.013421,           0.0042681,           0.0039921,            0.007162,            0.007162,            0.007162
                  88,            0.015577,           0.0056747,           0.0011739,             0.96371,             0.97204,             0.97593,             0.81464,            0.014765,           0.0042392,           0.0041865,            0.007129,            0.007129,            0.007129
                  89,            0.014729,           0.0056931,            0.001486,             0.97339,             0.97215,             0.97517,             0.83718,            0.013621,           0.0041513,           0.0046098,            0.007096,            0.007096,            0.007096
                  90,            0.015275,           0.0058084,           0.0012331,             0.97985,             0.98141,              0.9744,             0.85568,            0.012466,           0.0039301,           0.0039093,            0.007063,            0.007063,            0.007063
                  91,            0.014826,           0.0056928,           0.0013845,             0.97686,              0.9821,             0.97444,             0.85707,            0.012658,           0.0039194,           0.0038534,             0.00703,             0.00703,             0.00703
                  92,            0.015096,           0.0056289,           0.0010434,             0.97527,             0.98138,             0.97382,             0.85966,            0.012169,           0.0038942,           0.0038755,            0.006997,            0.006997,            0.006997
                  93,            0.014637,           0.0056267,           0.0011151,             0.97664,             0.98158,             0.97586,             0.85894,            0.012037,           0.0037562,           0.0038458,            0.006964,            0.006964,            0.006964
                  94,            0.014773,           0.0057323,           0.0012397,             0.97656,             0.97934,             0.97212,             0.86244,            0.012395,           0.0039306,           0.0039708,            0.006931,            0.006931,            0.006931
                  95,            0.014468,           0.0054277,           0.0015647,             0.97168,             0.96419,             0.97475,             0.85359,            0.012316,           0.0038064,           0.0052617,            0.006898,            0.006898,            0.006898
                  96,            0.015031,           0.0057558,            0.001111,              0.9755,             0.98182,             0.97514,             0.85903,             0.01296,           0.0038674,            0.004005,            0.006865,            0.006865,            0.006865
                  97,            0.014915,           0.0058463,           0.0012387,             0.97904,             0.98744,             0.97681,             0.84989,            0.013067,           0.0038232,           0.0036147,            0.006832,            0.006832,            0.006832
                  98,             0.01482,           0.0055219,           0.0013163,             0.97373,             0.97535,             0.97154,             0.85427,            0.012475,           0.0037022,           0.0041584,            0.006799,            0.006799,            0.006799
                  99,            0.014496,           0.0056594,           0.0012223,             0.98113,             0.98303,              0.9767,             0.82974,            0.013866,            0.004119,           0.0036458,            0.006766,            0.006766,            0.006766
                 100,            0.014399,           0.0054397,           0.0012212,             0.98276,             0.98113,             0.97882,             0.84961,            0.013074,           0.0038813,           0.0038217,            0.006733,            0.006733,            0.006733
                 101,            0.014385,           0.0056276,           0.0012277,             0.98272,              0.9761,              0.9788,             0.84971,            0.012888,           0.0040264,           0.0038175,              0.0067,              0.0067,              0.0067
                 102,             0.01416,           0.0056522,           0.0011491,             0.97598,             0.97486,              0.9754,             0.85488,            0.012832,           0.0038947,           0.0047717,            0.006667,            0.006667,            0.006667
                 103,            0.014123,           0.0053837,           0.0011516,             0.97876,             0.98115,             0.97758,             0.85508,            0.012641,           0.0040458,           0.0038082,            0.006634,            0.006634,            0.006634
                 104,            0.014057,           0.0053376,           0.0011806,             0.97909,             0.97611,             0.97503,             0.84629,            0.013184,           0.0038382,            0.004051,            0.006601,            0.006601,            0.006601
                 105,            0.014386,           0.0058189,           0.0013741,             0.97711,             0.97249,             0.97469,              0.8434,            0.012832,           0.0039711,           0.0042942,            0.006568,            0.006568,            0.006568
                 106,            0.014636,           0.0056879,           0.0012558,             0.97296,             0.97577,             0.97734,             0.86793,            0.012226,           0.0037681,           0.0038594,            0.006535,            0.006535,            0.006535
                 107,            0.013963,           0.0054739,           0.0011611,             0.97273,             0.97584,             0.97631,             0.85077,            0.013008,           0.0038629,           0.0038456,            0.006502,            0.006502,            0.006502
                 108,            0.014282,           0.0054155,           0.0012499,             0.98065,             0.97976,             0.98165,             0.85748,            0.013045,           0.0040112,           0.0031162,            0.006469,            0.006469,            0.006469
                 109,            0.013993,           0.0053715,           0.0011501,             0.97705,             0.98407,             0.98092,             0.84075,            0.013567,           0.0039107,            0.003788,            0.006436,            0.006436,            0.006436
                 110,            0.014445,           0.0057287,           0.0011473,             0.97462,             0.98429,             0.97667,             0.86747,            0.012016,           0.0038097,            0.003863,            0.006403,            0.006403,            0.006403
                 111,            0.013891,           0.0054745,           0.0010714,             0.97099,             0.98429,               0.982,             0.85098,            0.012563,           0.0040594,           0.0035629,             0.00637,             0.00637,             0.00637
                 112,            0.013826,            0.005698,           0.0011006,              0.9767,             0.98429,             0.97893,             0.86442,            0.012522,           0.0038015,           0.0036117,            0.006337,            0.006337,            0.006337
                 113,            0.013753,            0.005459,          0.00094647,             0.97704,             0.98115,             0.97543,             0.85853,            0.012173,            0.003832,           0.0037573,            0.006304,            0.006304,            0.006304
                 114,            0.013832,           0.0055053,          0.00090502,             0.98145,             0.98204,             0.97795,              0.8532,            0.012956,           0.0039352,           0.0033179,            0.006271,            0.006271,            0.006271
                 115,            0.013775,           0.0054032,           0.0010972,             0.97812,              0.9829,             0.98176,             0.86524,            0.012091,           0.0037228,           0.0028189,            0.006238,            0.006238,            0.006238
                 116,            0.013588,           0.0055713,           0.0010558,             0.97704,               0.978,              0.9808,              0.8192,            0.014448,            0.004359,           0.0040105,            0.006205,            0.006205,            0.006205
                 117,            0.013577,           0.0054487,           0.0011052,             0.97472,               0.978,             0.97723,             0.86371,            0.012065,           0.0038136,           0.0042896,            0.006172,            0.006172,            0.006172
                 118,            0.013741,           0.0053466,           0.0010766,             0.97771,             0.97992,             0.97716,             0.85766,            0.012236,           0.0038055,           0.0039332,            0.006139,            0.006139,            0.006139
                 119,            0.013709,           0.0054633,           0.0009949,             0.97708,             0.98429,             0.97352,             0.86432,             0.01215,           0.0037805,           0.0037865,            0.006106,            0.006106,            0.006106
                 120,            0.013282,           0.0052745,           0.0010043,             0.97727,             0.98429,             0.97693,              0.8788,            0.011545,           0.0037124,           0.0038867,            0.006073,            0.006073,            0.006073
                 121,            0.013472,           0.0053764,          0.00099345,             0.97665,             0.98429,             0.97635,             0.86151,            0.012605,           0.0038813,           0.0038997,             0.00604,             0.00604,             0.00604
                 122,            0.013309,           0.0052419,           0.0011248,             0.97157,             0.97903,             0.97589,             0.83975,             0.01401,           0.0043067,           0.0039791,            0.006007,            0.006007,            0.006007
                 123,            0.013172,           0.0053471,          0.00088199,             0.97788,             0.98429,             0.97842,             0.86576,            0.012134,           0.0038028,           0.0035439,            0.005974,            0.005974,            0.005974
                 124,            0.013217,           0.0051693,          0.00088108,             0.97586,             0.98357,             0.97511,              0.8616,            0.012145,           0.0037825,           0.0038357,            0.005941,            0.005941,            0.005941
                 125,            0.013264,           0.0052204,           0.0010561,             0.97715,             0.98138,             0.97721,             0.86666,            0.012248,           0.0038103,           0.0038422,            0.005908,            0.005908,            0.005908
                 126,              0.0131,           0.0051438,          0.00083856,             0.97901,             0.98201,             0.97392,             0.84086,            0.013338,           0.0039467,           0.0039659,            0.005875,            0.005875,            0.005875
                 127,            0.012835,           0.0051381,          0.00094001,             0.97847,             0.98303,             0.97426,             0.85683,            0.012201,           0.0037602,            0.003933,            0.005842,            0.005842,            0.005842
                 128,            0.013316,           0.0053396,            0.001028,             0.97653,             0.98429,             0.97732,             0.85706,            0.012319,           0.0037656,           0.0036582,            0.005809,            0.005809,            0.005809
                 129,            0.013253,           0.0053262,          0.00079164,             0.97071,             0.97119,             0.96919,             0.84335,            0.012728,           0.0039111,            0.004317,            0.005776,            0.005776,            0.005776
                 130,            0.013221,           0.0052832,          0.00099323,              0.9733,             0.98144,             0.97489,             0.85875,            0.012164,           0.0037196,           0.0039047,            0.005743,            0.005743,            0.005743
                 131,              0.0129,           0.0054177,          0.00092416,             0.97613,             0.97865,             0.97437,             0.86336,            0.011944,           0.0037599,           0.0039277,             0.00571,             0.00571,             0.00571
                 132,            0.012735,           0.0052471,          0.00083651,             0.98036,             0.98647,             0.97629,             0.86019,            0.011824,           0.0037535,           0.0036525,            0.005677,            0.005677,            0.005677
                 133,            0.012704,           0.0053301,           0.0009805,             0.97863,             0.98289,             0.97329,             0.86345,            0.011938,           0.0037547,           0.0040595,            0.005644,            0.005644,            0.005644
                 134,            0.012481,           0.0052423,           0.0010995,              0.9762,             0.97312,             0.97681,             0.86761,            0.012073,           0.0036967,           0.0043505,            0.005611,            0.005611,            0.005611
                 135,            0.012553,           0.0049773,          0.00096296,             0.97632,             0.98149,             0.97663,             0.86699,            0.011832,           0.0038295,           0.0037444,            0.005578,            0.005578,            0.005578
                 136,            0.012713,            0.005086,          0.00092453,             0.97237,             0.97713,             0.97233,             0.85547,            0.012363,           0.0038177,           0.0040623,            0.005545,            0.005545,            0.005545
                 137,            0.012391,           0.0051337,          0.00077648,             0.97544,              0.9798,             0.97805,             0.84588,            0.012535,           0.0038464,           0.0037489,            0.005512,            0.005512,            0.005512
                 138,            0.012239,           0.0049727,          0.00080929,             0.97388,             0.98079,             0.97546,             0.85936,            0.012252,           0.0039053,           0.0040674,            0.005479,            0.005479,            0.005479
                 139,            0.012437,           0.0050832,          0.00092137,             0.97408,             0.98263,             0.97615,             0.86161,            0.012154,           0.0037999,            0.003982,            0.005446,            0.005446,            0.005446
                 140,            0.012252,           0.0049297,           0.0010168,              0.9776,             0.97825,             0.97805,             0.85152,            0.012596,           0.0039207,            0.003367,            0.005413,            0.005413,            0.005413
                 141,            0.012422,           0.0048445,           0.0011292,             0.97653,              0.9806,             0.97608,             0.86289,            0.011715,           0.0037574,           0.0039119,             0.00538,             0.00538,             0.00538
                 142,            0.012611,           0.0049377,          0.00090818,             0.97829,              0.9774,             0.97689,              0.8595,            0.012007,           0.0036734,           0.0040722,            0.005347,            0.005347,            0.005347
                 143,            0.011988,           0.0049186,          0.00074468,             0.97069,             0.98341,             0.97701,             0.87405,             0.01178,           0.0035468,           0.0041172,            0.005314,            0.005314,            0.005314
                 144,             0.01205,            0.005003,          0.00075569,             0.97899,             0.97835,             0.97326,             0.86333,            0.011762,           0.0035158,           0.0040058,            0.005281,            0.005281,            0.005281
                 145,            0.011854,           0.0050002,          0.00091335,             0.98023,             0.97964,             0.98016,             0.86946,            0.011438,           0.0036894,           0.0037443,            0.005248,            0.005248,            0.005248
                 146,            0.011786,           0.0046265,          0.00076186,              0.9696,             0.97445,             0.97678,             0.85935,            0.012117,           0.0037258,           0.0049489,            0.005215,            0.005215,            0.005215
                 147,            0.011917,           0.0050013,          0.00083824,             0.97593,             0.97466,              0.9734,             0.84246,            0.013429,           0.0038724,           0.0038703,            0.005182,            0.005182,            0.005182
                 148,            0.012127,           0.0047191,           0.0010931,             0.97855,             0.98115,              0.9776,             0.85862,            0.012005,           0.0037078,           0.0038516,            0.005149,            0.005149,            0.005149
                 149,            0.011862,           0.0049841,          0.00085274,             0.97721,             0.97966,             0.97602,             0.86207,            0.012219,           0.0038422,           0.0038932,            0.005116,            0.005116,            0.005116
                 150,            0.011657,           0.0047981,          0.00090175,             0.97455,             0.98115,             0.97693,             0.86304,            0.012133,           0.0037626,           0.0038283,            0.005083,            0.005083,            0.005083
                 151,            0.011945,           0.0047623,          0.00075747,             0.97245,              0.9837,             0.97943,             0.85886,            0.011974,           0.0037562,           0.0032554,             0.00505,             0.00505,             0.00505
                 152,            0.011662,           0.0050506,          0.00090483,             0.97151,             0.98353,              0.9743,             0.85843,            0.011554,           0.0035933,           0.0041925,            0.005017,            0.005017,            0.005017
                 153,             0.01153,           0.0049438,          0.00081213,             0.97332,             0.98429,              0.9781,             0.86507,            0.011979,           0.0036602,           0.0040522,            0.004984,            0.004984,            0.004984
                 154,            0.011539,           0.0048791,          0.00081267,             0.97353,             0.97856,             0.97722,              0.8574,            0.012747,           0.0037934,           0.0035964,            0.004951,            0.004951,            0.004951
                 155,             0.01175,           0.0050581,           0.0009012,             0.98011,             0.98133,              0.9783,             0.85904,            0.012332,           0.0038282,            0.003893,            0.004918,            0.004918,            0.004918
                 156,            0.011487,           0.0046133,          0.00066476,             0.97898,             0.97783,              0.9743,             0.86044,            0.011973,           0.0037714,           0.0046169,            0.004885,            0.004885,            0.004885
                 157,            0.011731,            0.004988,          0.00067218,             0.97104,               0.984,             0.97269,              0.8554,            0.011881,           0.0037751,           0.0042365,            0.004852,            0.004852,            0.004852
                 158,            0.011675,           0.0047674,          0.00076904,             0.97335,             0.98272,             0.97404,             0.85535,            0.011921,           0.0037595,           0.0040462,            0.004819,            0.004819,            0.004819
                 159,            0.011462,           0.0045564,          0.00088751,             0.97057,             0.98115,             0.97127,              0.8719,            0.011326,           0.0036329,           0.0042332,            0.004786,            0.004786,            0.004786
                 160,            0.011416,           0.0047846,          0.00095652,             0.97718,             0.98469,             0.97763,             0.87271,            0.011864,           0.0036832,           0.0036047,            0.004753,            0.004753,            0.004753
                 161,            0.011433,           0.0047077,           0.0008653,             0.98238,             0.98278,             0.97658,             0.87465,            0.011617,           0.0036672,           0.0035515,             0.00472,             0.00472,             0.00472
                 162,            0.011552,           0.0048767,          0.00082936,             0.97936,             0.97896,             0.97566,             0.86661,            0.011579,           0.0035822,            0.003764,            0.004687,            0.004687,            0.004687
                 163,            0.011637,           0.0049223,          0.00079914,             0.98022,             0.98375,             0.97679,             0.86614,             0.01184,           0.0036288,           0.0037389,            0.004654,            0.004654,            0.004654
                 164,            0.011688,           0.0047164,          0.00071105,             0.97743,             0.98429,             0.97544,             0.85767,            0.012118,           0.0036955,           0.0037909,            0.004621,            0.004621,            0.004621
                 165,            0.011211,           0.0044709,          0.00096127,             0.97518,             0.98429,             0.97629,              0.8598,            0.012454,           0.0037076,           0.0037474,            0.004588,            0.004588,            0.004588
                 166,            0.011076,           0.0046688,          0.00071993,              0.9784,             0.98344,             0.97644,             0.86204,            0.012145,           0.0037111,           0.0036737,            0.004555,            0.004555,            0.004555
                 167,            0.011168,           0.0045856,          0.00079213,             0.97563,             0.97861,             0.97459,             0.86027,            0.011826,           0.0036576,           0.0041391,            0.004522,            0.004522,            0.004522
                 168,            0.011105,           0.0044957,          0.00064089,             0.97572,             0.97873,             0.97708,             0.85694,            0.011843,           0.0036702,           0.0041733,            0.004489,            0.004489,            0.004489
                 169,            0.011065,           0.0044927,          0.00072727,             0.97568,             0.98203,             0.97689,             0.86473,            0.011747,           0.0036249,           0.0040082,            0.004456,            0.004456,            0.004456
                 170,            0.010914,           0.0045067,          0.00089948,             0.97565,             0.98155,             0.97451,             0.86631,            0.011547,           0.0035626,           0.0039845,            0.004423,            0.004423,            0.004423
